Date Scraped,Title,news_summary,news_card_image,Date Published,Link,Publication,Author,text,id,predicted_category,similarity,cluster,cluster_size,title_lc,is_priority,highlight_score
19/09/2025,Adelaide pharmacy targeted in brazen robbery,The victim of a brazen robbery at an Adelaide pharmacy today has told 9News of the frightening moment he was threatened at knife point,,2025-09-19T10:39:25.000Z,https://www.smh.com.au/national/adelaide-pharmacy-targeted-in-brazen-robbery-20250919-p5mwk2.html?ref=rss&utm_medium=rss&utm_source=rss_feed,Sydney Morning Herald,,"Adelaide pharmacy targeted in brazen robbery 

 The victim of a brazen robbery at an Adelaide pharmacy today has told 9News of the frightening moment he was threatened at knife point",61,finance,0.5618661642074585,0,51,adelaide pharmacy targeted in brazen robbery,False,51
19/09/2025,The Aussie dollar is having a moment. Here's what it means for you,"The Australian dollar is trading at around a 10-month high against the US dollar and has been broadly performing ""very well"". But it's not the whole story, experts say.",,2025-09-18T19:45:25.000Z,https://www.sbs.com.au/news/article/the-aussie-dollar-is-having-a-moment-but-its-not-all-good-news/n875p5dci,SBS,,"The Aussie dollar is having a moment. Here's what it means for you 

 The Australian dollar is trading at around a 10-month high against the US dollar and has been broadly performing ""very well"". But it's not the whole story, experts say.",70,finance,0.48110467195510864,0,51,the aussie dollar is having a moment. here's what it means for you,False,51
19/09/2025,UK households put a record £103bn into Isas amid ‘dash for cash’,"<p>Figures show 15m more tax-efficient savings accounts were opened in 2023-24, with more following as fears grew allowance might be cut</p><ul><li><p><a href=""https://www.theguardian.com/business/live/2025/sep/19/uk-government-borrowing-rises-consumer-confidence-slips-reeves-budget-business-live-news"">Business live – latest updates</a></p></li></ul><p>British households stuffed a record £103bn into tax-efficient <a href=""https://www.theguardian.com/money/isas"">individual savings accounts</a>, according to annual figures that underline the strong appetite for the certainty of cash over stock market investments.</p><p>Savers opened 15m Isas in the 2023-24 tax year, up from 12.4m the year before and the highest level for 13 years. The spree was driven primarily by a rise in demand for the cash Isas rather than the stocks and shares version.</p> <a href=""https://www.theguardian.com/money/2025/sep/19/uk-isas-cash-tax-savings-accounts-allowance-cut"">Continue reading...</a>",,2025-09-19T12:11:06.000Z,https://www.theguardian.com/money/2025/sep/19/uk-isas-cash-tax-savings-accounts-allowance-cut,The Gaurdian,Zoe Wood,"UK households put a record £103bn into Isas amid ‘dash for cash’ 

 <p>Figures show 15m more tax-efficient savings accounts were opened in 2023-24, with more following as fears grew allowance might be cut</p><ul><li><p><a href=""https://www.theguardian.com/business/live/2025/sep/19/uk-government-borrowing-rises-consumer-confidence-slips-reeves-budget-business-live-news"">Business live – latest updates</a></p></li></ul><p>British households stuffed a record £103bn into tax-efficient <a href=""https://www.theguardian.com/money/isas"">individual savings accounts</a>, according to annual figures that underline the strong appetite for the certainty of cash over stock market investments.</p><p>Savers opened 15m Isas in the 2023-24 tax year, up from 12.4m the year before and the highest level for 13 years. The spree was driven primarily by a rise in demand for the cash Isas rather than the stocks and shares version.</p> <a href=""https://www.theguardian.com/money/2025/sep/19/uk-isas-cash-tax-savings-accounts-allowance-cut"">Continue reading...</a>",115,finance,0.4817754328250885,0,51,uk households put a record £103bn into isas amid ‘dash for cash’,False,51
19/09/2025,"Rising grocery prices could lead to shrinkflation, food industry analyst says","Overall grocery prices in August 2025 rose 2.7% compared to one year ago, according to the U.S. Bureau of Labor Statistics Consumer Price Index.",,2025-09-18T23:57:00.000Z,https://www.cbsnews.com/news/rising-grocery-prices-could-lead-to-shrinkflation-food-industry-analyst-says/,CBS,,"Rising grocery prices could lead to shrinkflation, food industry analyst says 

 Overall grocery prices in August 2025 rose 2.7% compared to one year ago, according to the U.S. Bureau of Labor Statistics Consumer Price Index.",128,finance,0.5402721166610718,-1,46,"rising grocery prices could lead to shrinkflation, food industry analyst says",False,46
19/09/2025,Fed lowers interest rates by 0.25 percentage points in first cut since 2024,"The Federal Reserve is cutting its benchmark interest rate as the U.S. economy faces headwinds, including a faltering labor market.",,2025-09-17T20:20:00.000Z,https://www.cbsnews.com/news/federal-reserve-fomc-meeting-today-rate-cut-september-2025-powell-impact/,CBS,,"Fed lowers interest rates by 0.25 percentage points in first cut since 2024 

 The Federal Reserve is cutting its benchmark interest rate as the U.S. economy faces headwinds, including a faltering labor market.",152,finance,0.44970446825027466,-1,46,fed lowers interest rates by 0.25 percentage points in first cut since 2024,False,46
19/09/2025,"Red squirrel population thriving on Isle of Wight and could almost double, study finds","<p>Researchers mapping how red squirrels would fare under climate breakdown scenarios found ‘a natural ability to adapt’</p><p>Red squirrels are thriving on the Isle of Wight where they have enough food and a suitable habitat to support a population that could almost double, a study has found.</p><p>Using climate models, the researchers mapped how the red squirrel population would fare under different climate breakdown scenarios such as temperature changes and low levels of rainfall, finding no direct impact on their survivability and “a natural ability to adapt to a range of climactic conditions”.</p> <a href=""https://www.theguardian.com/environment/2025/sep/19/red-squirrel-population-thriving-on-isle-of-wight-and-could-almost-double-study-finds"">Continue reading...</a>",,2025-09-19T12:00:50.000Z,https://www.theguardian.com/environment/2025/sep/19/red-squirrel-population-thriving-on-isle-of-wight-and-could-almost-double-study-finds,The Gaurdian,Sara Rourke,"Red squirrel population thriving on Isle of Wight and could almost double, study finds 

 <p>Researchers mapping how red squirrels would fare under climate breakdown scenarios found ‘a natural ability to adapt’</p><p>Red squirrels are thriving on the Isle of Wight where they have enough food and a suitable habitat to support a population that could almost double, a study has found.</p><p>Using climate models, the researchers mapped how the red squirrel population would fare under different climate breakdown scenarios such as temperature changes and low levels of rainfall, finding no direct impact on their survivability and “a natural ability to adapt to a range of climactic conditions”.</p> <a href=""https://www.theguardian.com/environment/2025/sep/19/red-squirrel-population-thriving-on-isle-of-wight-and-could-almost-double-study-finds"">Continue reading...</a>",113,lifestyle,0.5443300604820251,0,51,"red squirrel population thriving on isle of wight and could almost double, study finds",True,1051
19/09/2025,The easiest and most effective ways to clean windows and fly screens,"Windows and fly screens are often the first things we see when we walk into a home, but rarely at the top of the spring-cleaning to-do list. Experts share their tips on the easiest and most effective ways to clean them.",https://live-production.wcms.abc-cdn.net.au/a0cd0670754a97e541c889a31451f522?impolicy=wcms_crop_resize&cropH=533&cropW=400&xPos=400&yPos=0&width=862&height=1149,2025-09-18T04:12:05.000Z,https://www.abc.net.au/news/2025-09-18/what-are-the-best-ways-to-clean-windows-and-fly-screens/105757576,ABC News,Daniel Johnson,"The easiest and most effective ways to clean windows and fly screens 

 Windows and fly screens are often the first things we see when we walk into a home, but rarely at the top of the spring-cleaning to-do list. Experts share their tips on the easiest and most effective ways to clean them.",2,lifestyle,0.5442380905151367,0,51,the easiest and most effective ways to clean windows and fly screens,False,51
19/09/2025,"Five minutes, no heartbeat: How nearly dying changed how Emily chooses to live","What happens when we die? We might not have the answers, but a near-death experience can provide some clues.",,2025-09-17T19:00:00.000Z,https://www.smh.com.au/lifestyle/life-and-relationships/five-minutes-no-heartbeat-how-nearly-dying-changed-how-emily-chooses-to-live-20250904-p5msfd.html?ref=rss&utm_medium=rss&utm_source=rss_lifestyle,Sydney Morning Herald,Shona Hendley,"Five minutes, no heartbeat: How nearly dying changed how Emily chooses to live 

 What happens when we die? We might not have the answers, but a near-death experience can provide some clues.",3,lifestyle,0.4867173433303833,0,51,"five minutes, no heartbeat: how nearly dying changed how emily chooses to live",False,51
19/09/2025,Moment pregnant influencer saves husband's life,"Pregnant influencer Samantha Matthews shared an interview saving her husband, Dan Matthews' life after a choking incident.",,2025-09-17T22:27:40.000Z,https://www.smh.com.au/lifestyle/moment-pregnant-influencer-saves-husbands-life-20250918-p5mw0o.html?ref=rss&utm_medium=rss&utm_source=rss_lifestyle,Sydney Morning Herald,,"Moment pregnant influencer saves husband's life 

 Pregnant influencer Samantha Matthews shared an interview saving her husband, Dan Matthews' life after a choking incident.",9,lifestyle,0.5447892546653748,0,51,moment pregnant influencer saves husband's life,False,51
19/09/2025,Life on the street: Why opening your front garden can make your neighbourhood safer,Can a garden be designed to foster better community ties? Why you just might love what comes of adopting a more open front garden style.,,2025-09-18T19:00:00.000Z,https://www.smh.com.au/lifestyle/life-and-relationships/life-on-the-street-why-opening-your-front-garden-can-make-your-neighbourhood-safer-20250912-p5muhc.html?ref=rss&utm_medium=rss&utm_source=rss_lifestyle,Sydney Morning Herald,Megan Backhouse,"Life on the street: Why opening your front garden can make your neighbourhood safer 

 Can a garden be designed to foster better community ties? Why you just might love what comes of adopting a more open front garden style.",16,lifestyle,0.46804124116897583,0,51,life on the street: why opening your front garden can make your neighbourhood safer,False,51
19/09/2025,Iconic Ugly Christmas Rashies have a brand new look,"The iconic Ugly Christmas Rashies have raised almost half a million dollars for cancer research and environmental conservation and this year, they have a brand new look.",,2025-09-17T23:38:09.000Z,https://www.smh.com.au/lifestyle/iconic-ugly-christmas-rashies-have-a-brand-new-look-20250918-p5mw1o.html?ref=rss&utm_medium=rss&utm_source=rss_lifestyle,Sydney Morning Herald,,"Iconic Ugly Christmas Rashies have a brand new look 

 The iconic Ugly Christmas Rashies have raised almost half a million dollars for cancer research and environmental conservation and this year, they have a brand new look.",10,music,0.5360000133514404,0,51,iconic ugly christmas rashies have a brand new look,False,51
19/09/2025,Man dies in workplace accident in Melbourne's north,"<p>A﻿ man has been killed in a workplace accident at a <a href=""https://www.9news.com.au/melbourne"" target="""" rel="""" title=""Melbourne"">Melbourne</a> recycling plant.</p><p>Police were called to the Cleanaway Coolaroo Material Recovery Facility in the city's north this morning.</p><p>The man has not been formally identified and his death is not being treated as suspicious.</p><p><strong>READ MORE:</strong> <a href=""https://www.9news.com.au/national/christopher-webster-doctor-erin-patterson-case-sanctioned/6b60e2f6-7b4a-4883-8338-699b90496d95"" target=""_blank""><strong>Doctor who blew whistle on mushroom murderer sanctioned</strong></a></p><img data-id=""1c0d3590-45fa-45f7-98ae-4746b60e03f4"" src=""https://prod.static9.net.au/fs/1c0d3590-45fa-45f7-98ae-4746b60e03f4"" caption=""Police were called to the Cleanaway Coolaroo Material Recovery Facility in the Melbourne's north this morning."" alt=""Police were called to the Cleanaway Coolaroo Material Recovery Facility in the Melbourne's north this morning."" source=""9News""  data-width=""1536"" data-height=""864"" fs=""true"" master-key=""1c0d3590-45fa-45f7-98ae-4746b60e03f4""/><p>WorkSafe is investigating the death.</p><p>""Police will prepare a report for the coroner,"" a police spokesperson said in a statement.﻿</p><p>A Cleanaway spokesperson said the team felt ""deeply saddened by the loss of life"" today.</p><p>﻿""Our priority is supporting those impacted by the incident, in particular family, colleagues and our workers at the site,"" the spokesperson said.</p><p>""We are working closely with authorities to investigate the incident.</p><p>""It would be inappropriate to comment further at this time.""</p>",https://prod.static9.net.au/fs/1c0d3590-45fa-45f7-98ae-4746b60e03f4,2025-09-19T04:24:22.000Z,https://www.9news.com.au/national/man-dies-in-workplace-accident-in-melbournes-north/9b6351c5-af4a-419c-b6c8-c2d6af75b466,9 news,9News,"Man dies in workplace accident in Melbourne's north 

 <p>A﻿ man has been killed in a workplace accident at a <a href=""https://www.9news.com.au/melbourne"" target="""" rel="""" title=""Melbourne"">Melbourne</a> recycling plant.</p><p>Police were called to the Cleanaway Coolaroo Material Recovery Facility in the city's north this morning.</p><p>The man has not been formally identified and his death is not being treated as suspicious.</p><p><strong>READ MORE:</strong> <a href=""https://www.9news.com.au/national/christopher-webster-doctor-erin-patterson-case-sanctioned/6b60e2f6-7b4a-4883-8338-699b90496d95"" target=""_blank""><strong>Doctor who blew whistle on mushroom murderer sanctioned</strong></a></p><img data-id=""1c0d3590-45fa-45f7-98ae-4746b60e03f4"" src=""https://prod.static9.net.au/fs/1c0d3590-45fa-45f7-98ae-4746b60e03f4"" caption=""Police were called to the Cleanaway Coolaroo Material Recovery Facility in the Melbourne's north this morning."" alt=""Police were called to the Cleanaway Coolaroo Material Recovery Facility in the Melbourne's north this morning."" source=""9News""  data-width=""1536"" data-height=""864"" fs=""true"" master-key=""1c0d3590-45fa-45f7-98ae-4746b60e03f4""/><p>WorkSafe is investigating the death.</p><p>""Police will prepare a report for the coroner,"" a police spokesperson said in a statement.﻿</p><p>A Cleanaway spokesperson said the team felt ""deeply saddened by the loss of life"" today.</p><p>﻿""Our priority is supporting those impacted by the incident, in particular family, colleagues and our workers at the site,"" the spokesperson said.</p><p>""We are working closely with authorities to investigate the incident.</p><p>""It would be inappropriate to comment further at this time.""</p>",50,music,0.5462868213653564,0,51,man dies in workplace accident in melbourne's north,False,51
19/09/2025,Picasso painting not seen for 80 years unveiled by Paris auction house,"<p>Portrait of Dora Maar completed in Paris during war had been in private collection since being bought in 1944</p><ul><li><p><a href=""https://www.theguardian.com/world/live/2025/sep/18/france-strikes-lecornu-merz-sanchez-von-der-leyen-europe-live-latest-updates"">Europe live – latest updates</a></p></li></ul><p>A newly discovered painting by Pablo Picasso of the French photographer and painter Dora Maar completed during the German occupation of Paris that has not been seen for 80 years, has been unveiled.</p><p>The work, Bust of a Woman in a Flowery Hat (Dora Maar), was finished towards the end of the couple’s turbulent nine-year relationship and shows Maar in a softer, more colourful light than Picasso’s previous portraits of his then lover.</p> <a href=""https://www.theguardian.com/artanddesign/2025/sep/18/picasso-painting-hidden-for-80-years-auction-paris"">Continue reading...</a>",,2025-09-18T19:16:30.000Z,https://www.theguardian.com/artanddesign/2025/sep/18/picasso-painting-hidden-for-80-years-auction-paris,The Gaurdian,Kim Willsher,"Picasso painting not seen for 80 years unveiled by Paris auction house 

 <p>Portrait of Dora Maar completed in Paris during war had been in private collection since being bought in 1944</p><ul><li><p><a href=""https://www.theguardian.com/world/live/2025/sep/18/france-strikes-lecornu-merz-sanchez-von-der-leyen-europe-live-latest-updates"">Europe live – latest updates</a></p></li></ul><p>A newly discovered painting by Pablo Picasso of the French photographer and painter Dora Maar completed during the German occupation of Paris that has not been seen for 80 years, has been unveiled.</p><p>The work, Bust of a Woman in a Flowery Hat (Dora Maar), was finished towards the end of the couple’s turbulent nine-year relationship and shows Maar in a softer, more colourful light than Picasso’s previous portraits of his then lover.</p> <a href=""https://www.theguardian.com/artanddesign/2025/sep/18/picasso-painting-hidden-for-80-years-auction-paris"">Continue reading...</a>",95,music,0.5176885724067688,-1,46,picasso painting not seen for 80 years unveiled by paris auction house,False,46
19/09/2025,"Sad end in case of 3,000-year-old bracelet stolen from Cairo museum","Authorities in Egypt say a golden bracelet once owned by a king, that survived some 3,000 years, was stolen by a museum worker and then melted down.",,2025-09-19T12:32:20.000Z,https://www.cbsnews.com/news/egypt-3000-year-old-golden-pharaoh-bracelet-stolen-museum-arrests/,CBS,,"Sad end in case of 3,000-year-old bracelet stolen from Cairo museum 

 Authorities in Egypt say a golden bracelet once owned by a king, that survived some 3,000 years, was stolen by a museum worker and then melted down.",148,music,0.5475268959999084,-1,46,"sad end in case of 3,000-year-old bracelet stolen from cairo museum",False,46
19/09/2025,"FTC accuses Live Nation, Ticketmaster of illegally reselling tickets","Regulators allege Ticketmaster used deceptive pricing and sales tactics, costing consumers billions of dollars.",,2025-09-18T19:05:51.000Z,https://www.cbsnews.com/news/ticketmaster-live-nation-ftc-lawsuit-tickets/,CBS,,"FTC accuses Live Nation, Ticketmaster of illegally reselling tickets 

 Regulators allege Ticketmaster used deceptive pricing and sales tactics, costing consumers billions of dollars.",125,music,0.43472862243652344,3,25,"ftc accuses live nation, ticketmaster of illegally reselling tickets",False,25
19/09/2025,Xinhua Headlines: Chinese commemorate outbreak of war against Japanese aggression with hopes for peace,"<p>(250918) -- SHENYANG, Sept. 18, 2025 (Xinhua) -- A ceremony to commemorate the September 18 Incident is held at the 9.18 Historical Museum in Shenyang, northeast China's Liaoning Province, Sept. 18, 2025. (Xinhua/Pan Yulong)</p>",,2025-09-18T16:21:37.000Z,http://sydneysun.com/news/278586023/xinhua-headlines-chinese-commemorate-outbreak-of-war-against-japanese-aggression-with-hopes-for-peace,Sydney sun,,"Xinhua Headlines: Chinese commemorate outbreak of war against Japanese aggression with hopes for peace 

 <p>(250918) -- SHENYANG, Sept. 18, 2025 (Xinhua) -- A ceremony to commemorate the September 18 Incident is held at the 9.18 Historical Museum in Shenyang, northeast China's Liaoning Province, Sept. 18, 2025. (Xinhua/Pan Yulong)</p>",78,politics,0.545068621635437,-1,46,xinhua headlines: chinese commemorate outbreak of war against japanese aggression with hopes for peace,True,1046
19/09/2025,Mass protest expected in Philippines capital amid public fury over alleged corruption in government projects,"<p>Sunday’s demonstration in Manila to coincide with anniversary of 1972 martial law declaration as president backs rally in bid to placate anger</p><p>Thousands of people are expected to join a mass protest in Manila on Sunday amid a groundswell of anger in the Philippines against perceived corruption in government-funded flood control projects.</p><p>Dubbed the “Trillion Peso March”, the demonstration is named after a Greenpeace estimate of $17.6bn that the <a href=""https://www.greenpeace.org/philippines/press/68522/flood-control-corruption-an-obscene-plunder-of-much-needed-climate-funds/#:~:text=Greenpeace%20says%20that%20corruption%20and,frequent%20and%20more%20intense%20flooding"">environmental organisation alleges</a> is the amount skimmed from climate-related projects in 2023.</p> <a href=""https://www.theguardian.com/world/2025/sep/19/mass-protest-expected-in-philippines-capital-amid-public-fury-over-alleged-corruption-in-government-projects"">Continue reading...</a>",,2025-09-19T02:18:23.000Z,https://www.theguardian.com/world/2025/sep/19/mass-protest-expected-in-philippines-capital-amid-public-fury-over-alleged-corruption-in-government-projects,The Gaurdian,Kate Lamb and agencies,"Mass protest expected in Philippines capital amid public fury over alleged corruption in government projects 

 <p>Sunday’s demonstration in Manila to coincide with anniversary of 1972 martial law declaration as president backs rally in bid to placate anger</p><p>Thousands of people are expected to join a mass protest in Manila on Sunday amid a groundswell of anger in the Philippines against perceived corruption in government-funded flood control projects.</p><p>Dubbed the “Trillion Peso March”, the demonstration is named after a Greenpeace estimate of $17.6bn that the <a href=""https://www.greenpeace.org/philippines/press/68522/flood-control-corruption-an-obscene-plunder-of-much-needed-climate-funds/#:~:text=Greenpeace%20says%20that%20corruption%20and,frequent%20and%20more%20intense%20flooding"">environmental organisation alleges</a> is the amount skimmed from climate-related projects in 2023.</p> <a href=""https://www.theguardian.com/world/2025/sep/19/mass-protest-expected-in-philippines-capital-amid-public-fury-over-alleged-corruption-in-government-projects"">Continue reading...</a>",97,politics,0.4515233039855957,-1,46,mass protest expected in philippines capital amid public fury over alleged corruption in government projects,True,1046
19/09/2025,"Russia has shown ‘full extent of contempt for international law’, says von der Leyen, as EU proposes new Russian sanctions – Europe live","<p>Ursula von der Leyen says Russian strikes on Kyiv that hit EU office ‘are not the actions of someone who wants peace’</p><p><strong>Here we go</strong>: we are now getting more details on the 19th package of sanctions, via Commission president <strong>Ursula von der Leyen</strong> and foreign policy chief <strong>Kaja Kallas.</strong></p><p>We are still waiting for the announcement on <strong>when </strong>we will get more detail on the 19th sanctions package.</p> <a href=""https://www.theguardian.com/world/live/2025/sep/19/eu-sanctions-russia-oil-ukraine-vladimir-putin-volodymyr-zelenskyy-donald-trump-france-macron-europe-live-news"">Continue reading...</a>",,2025-09-19T12:45:44.000Z,https://www.theguardian.com/world/live/2025/sep/19/eu-sanctions-russia-oil-ukraine-vladimir-putin-volodymyr-zelenskyy-donald-trump-france-macron-europe-live-news,The Gaurdian,Jakub Krupa,"Russia has shown ‘full extent of contempt for international law’, says von der Leyen, as EU proposes new Russian sanctions – Europe live 

 <p>Ursula von der Leyen says Russian strikes on Kyiv that hit EU office ‘are not the actions of someone who wants peace’</p><p><strong>Here we go</strong>: we are now getting more details on the 19th package of sanctions, via Commission president <strong>Ursula von der Leyen</strong> and foreign policy chief <strong>Kaja Kallas.</strong></p><p>We are still waiting for the announcement on <strong>when </strong>we will get more detail on the 19th sanctions package.</p> <a href=""https://www.theguardian.com/world/live/2025/sep/19/eu-sanctions-russia-oil-ukraine-vladimir-putin-volodymyr-zelenskyy-donald-trump-france-macron-europe-live-news"">Continue reading...</a>",121,politics,0.4990411400794983,2,32,"russia has shown ‘full extent of contempt for international law’, says von der leyen, as eu proposes new russian sanctions – europe live",True,1032
19/09/2025,"U.K. spy chief says Putin ""stringing us along"" on Ukraine war","The outgoing head of Britain's MI6 spy agency says Russia's Vladimir Putin is ""stringing us along,"" with no interest in a Ukraine peace deal.",,2025-09-19T11:51:16.000Z,https://www.cbsnews.com/news/russia-ukraine-war-uk-mi6-says-putin-stringing-us-along-no-interest-in-peace/,CBS,,"U.K. spy chief says Putin ""stringing us along"" on Ukraine war 

 The outgoing head of Britain's MI6 spy agency says Russia's Vladimir Putin is ""stringing us along,"" with no interest in a Ukraine peace deal.",144,politics,0.506424605846405,2,32,"u.k. spy chief says putin ""stringing us along"" on ukraine war",True,1032
19/09/2025,You’re always late and lose focus easily. Could you have ADHD?,The language of ADHD gets thrown around a lot but only a small percentage of adults have a formal diagnosis. How can you tell if you’re a candidate?,,2025-09-18T05:00:00.000Z,https://www.smh.com.au/lifestyle/health-and-wellness/you-re-always-late-and-lose-focus-easily-could-you-have-adhd-20250918-p5mw1f.html?ref=rss&utm_medium=rss&utm_source=rss_lifestyle,Sydney Morning Herald,Emily Craig,"You’re always late and lose focus easily. Could you have ADHD? 

 The language of ADHD gets thrown around a lot but only a small percentage of adults have a formal diagnosis. How can you tell if you’re a candidate?",12,politics,0.5683476328849792,0,51,you’re always late and lose focus easily. could you have adhd?,False,51
19/09/2025,Australian city shatters weather record,"<p>Perth has recorded a four-month soaking, the first time this has happened in the spring-winter period for 18 years.</p><p>The WA capital ﻿reached its September average of 79.3mm during light showers on Tuesday and Wednesday, reports <a href=""https://www.weatherzone.com.au/news/perth-sets-rainfall-streak-not-seen-in-18-years/1890883"" target=""_blank"" rel="""" title=""Weatherzone"">Weatherzone</a>.</p><p>When more rain fell during the 24 hours to yesterday morning, this month's total in Perth hit the 93mm mark.</p><p><strong>READ MORE:</strong> <a href=""https://www.9news.com.au/world/earthquake-strikes-off-russia-coast-tsunami-warnings/97051698-3940-4e03-9870-587bb90ee815"" target=""_blank"" rel="""" title=""Magnitude 7.8 quake off Russia triggers tsunami warnings﻿""><strong>Magnitude 7.8 quake off Russia triggers tsunami warnings﻿</strong></a></p><img data-id=""68d715ad-a491-43db-a182-01f156c43953"" src=""https://prod.static9.net.au/fs/68d715ad-a491-43db-a182-01f156c43953"" caption=""The downpours over Perth this week were heaviest late on Wednesday, September 17, 2025, shown here on radar."" alt="""" source=""Weatherzone""  data-width=""1396"" data-height=""785"" fs=""true"" master-key=""68d715ad-a491-43db-a182-01f156c43953""/><p>It came after the winter months all recorded above average falls, with August totalling 203mm, July 174mm and June 129mm.</p><p>The rainy winter weather was also accompanied by storms and lightning strikes over much of WA.﻿</p><p>The last time Perth had a run of similar wet conditions was in 2007.﻿</p><p>The soaking has been a welcome break in a long stretch of below-average falls, stretching from last November to May.</p><p>Weather forecasters say the state's south-west, including Perth, has recorded ongoing rainfall shortfalls, beginning from September 2021 and ending only last month.</p><p>It explains why water storage in Perth currently sits at only 48 per cent of capacity.</p><p>Looking ahead, the city is forecast to have dry weather over the next week, with maximum temperatures next Wednesday shaping to hit 30 degrees. ﻿</p><p><a href=""https://www.9news.com.au/national/how-to-follow-9news-digital/29855bb1-ad3d-4c38-bc25-3cb52af1216f"" target=""_blank""><strong><em>DOWNLOAD THE 9NEWS APP</em></strong></a><strong><em>: Stay across all the latest in breaking news, sport, politics and the weather via our news app and get notifications sent straight to your smartphone. Available on the</em></strong> <a href=""https://apps.apple.com/au/app/9news/id1010533727"" target=""_blank""><strong><em>Apple App Store</em></strong></a> <strong><em>and</em></strong> <a href=""https://play.google.com/store/apps/details?id=nineNewsAlerts.nine.com&hl=en_AU&pli=1"" target=""_blank""><strong><em>Google Play</em></strong></a><strong><em>.</em></strong></p>",https://prod.static9.net.au/fs/68d715ad-a491-43db-a182-01f156c43953,2025-09-19T00:35:53.000Z,https://www.9news.com.au/national/perth-weather-update-wa-city-sets-rainfall-streak-not-seen-for-18-years/d6dfb930-cf98-445a-9625-1e584087ad09,9 news,9News,"Australian city shatters weather record 

 <p>Perth has recorded a four-month soaking, the first time this has happened in the spring-winter period for 18 years.</p><p>The WA capital ﻿reached its September average of 79.3mm during light showers on Tuesday and Wednesday, reports <a href=""https://www.weatherzone.com.au/news/perth-sets-rainfall-streak-not-seen-in-18-years/1890883"" target=""_blank"" rel="""" title=""Weatherzone"">Weatherzone</a>.</p><p>When more rain fell during the 24 hours to yesterday morning, this month's total in Perth hit the 93mm mark.</p><p><strong>READ MORE:</strong> <a href=""https://www.9news.com.au/world/earthquake-strikes-off-russia-coast-tsunami-warnings/97051698-3940-4e03-9870-587bb90ee815"" target=""_blank"" rel="""" title=""Magnitude 7.8 quake off Russia triggers tsunami warnings﻿""><strong>Magnitude 7.8 quake off Russia triggers tsunami warnings﻿</strong></a></p><img data-id=""68d715ad-a491-43db-a182-01f156c43953"" src=""https://prod.static9.net.au/fs/68d715ad-a491-43db-a182-01f156c43953"" caption=""The downpours over Perth this week were heaviest late on Wednesday, September 17, 2025, shown here on radar."" alt="""" source=""Weatherzone""  data-width=""1396"" data-height=""785"" fs=""true"" master-key=""68d715ad-a491-43db-a182-01f156c43953""/><p>It came after the winter months all recorded above average falls, with August totalling 203mm, July 174mm and June 129mm.</p><p>The rainy winter weather was also accompanied by storms and lightning strikes over much of WA.﻿</p><p>The last time Perth had a run of similar wet conditions was in 2007.﻿</p><p>The soaking has been a welcome break in a long stretch of below-average falls, stretching from last November to May.</p><p>Weather forecasters say the state's south-west, including Perth, has recorded ongoing rainfall shortfalls, beginning from September 2021 and ending only last month.</p><p>It explains why water storage in Perth currently sits at only 48 per cent of capacity.</p><p>Looking ahead, the city is forecast to have dry weather over the next week, with maximum temperatures next Wednesday shaping to hit 30 degrees. ﻿</p><p><a href=""https://www.9news.com.au/national/how-to-follow-9news-digital/29855bb1-ad3d-4c38-bc25-3cb52af1216f"" target=""_blank""><strong><em>DOWNLOAD THE 9NEWS APP</em></strong></a><strong><em>: Stay across all the latest in breaking news, sport, politics and the weather via our news app and get notifications sent straight to your smartphone. Available on the</em></strong> <a href=""https://apps.apple.com/au/app/9news/id1010533727"" target=""_blank""><strong><em>Apple App Store</em></strong></a> <strong><em>and</em></strong> <a href=""https://play.google.com/store/apps/details?id=nineNewsAlerts.nine.com&hl=en_AU&pli=1"" target=""_blank""><strong><em>Google Play</em></strong></a><strong><em>.</em></strong></p>",46,sports,0.5579458475112915,0,51,australian city shatters weather record,False,51
19/09/2025,"Girl, nine, shot with airgun in ‘racially aggravated assault’ in Bristol","<p>Police seek white male suspect and are treating incident as a hate crime after ‘traumatised’ victim hit three times</p><p>A nine-year-old girl was shot with an airgun in what is being treated as a racially aggravated assault in Bristol, say police, who have increased patrols in the area.</p><p>The victim, who has been left “traumatised”, was hit three times by a pellet and the white male suspect, thought to be 17 to 18 years old, shouted racially abusive language at the girl, Avon and Somerset police said.</p> <a href=""https://www.theguardian.com/uk-news/2025/sep/19/girl-shot-airgun-racially-aggravated-assault-bristol"">Continue reading...</a>",,2025-09-19T11:07:29.000Z,https://www.theguardian.com/uk-news/2025/sep/19/girl-shot-airgun-racially-aggravated-assault-bristol,The Gaurdian,Jamie Grierson,"Girl, nine, shot with airgun in ‘racially aggravated assault’ in Bristol 

 <p>Police seek white male suspect and are treating incident as a hate crime after ‘traumatised’ victim hit three times</p><p>A nine-year-old girl was shot with an airgun in what is being treated as a racially aggravated assault in Bristol, say police, who have increased patrols in the area.</p><p>The victim, who has been left “traumatised”, was hit three times by a pellet and the white male suspect, thought to be 17 to 18 years old, shouted racially abusive language at the girl, Avon and Somerset police said.</p> <a href=""https://www.theguardian.com/uk-news/2025/sep/19/girl-shot-airgun-racially-aggravated-assault-bristol"">Continue reading...</a>",111,sports,0.5410464406013489,0,51,"girl, nine, shot with airgun in ‘racially aggravated assault’ in bristol",False,51
19/09/2025,"How fast could a car possibly drive, on a boat?","A driver in a Ferrari SF90 appears to have set a new record for the top speed achieved on a boat, racing down the flight deck of an aircraft carrier.",,2025-09-19T08:37:49.000Z,https://www.cbsnews.com/news/fabio-barone-ferrari-on-aircraft-carrier-record-speed-car-on-boat/,CBS,,"How fast could a car possibly drive, on a boat? 

 A driver in a Ferrari SF90 appears to have set a new record for the top speed achieved on a boat, racing down the flight deck of an aircraft carrier.",138,sports,0.5721665620803833,0,51,"how fast could a car possibly drive, on a boat?",False,51
19/09/2025,RLPA take Roosters to task over Radley sanctions and salary cap loophole,The RLPA is concerned that the Roosters have not acted within the terms of the collective bargaining agreement and that the proposed penalty is not within the permitted options available.,,2025-09-19T04:41:43.000Z,https://www.smh.com.au/sport/nrl/rlpa-take-roosters-to-task-over-radley-sanctions-and-salary-cap-loophole-20250919-p5mwfj.html?ref=rss&utm_medium=rss&utm_source=rss_sport,Sydney Morning Herald,Michael Chammas,"RLPA take Roosters to task over Radley sanctions and salary cap loophole 

 The RLPA is concerned that the Roosters have not acted within the terms of the collective bargaining agreement and that the proposed penalty is not within the permitted options available.",26,sports,0.5624524354934692,-1,46,rlpa take roosters to task over radley sanctions and salary cap loophole,False,46
19/09/2025,Victor Radley’s crime was making a fool of Nick Politis,The NRL has established a “three strikes” convention for dealing with drug use. But there is already a zero-strikes policy for embarrassing powerful club supremos.,,2025-09-19T05:30:00.000Z,https://www.smh.com.au/sport/victor-radley-s-crime-was-making-a-fool-of-nick-politis-20250919-p5mwbo.html?ref=rss&utm_medium=rss&utm_source=rss_sport,Sydney Morning Herald,Malcolm Knox,"Victor Radley’s crime was making a fool of Nick Politis 

 The NRL has established a “three strikes” convention for dealing with drug use. But there is already a zero-strikes policy for embarrassing powerful club supremos.",28,sports,0.5239316821098328,-1,46,victor radley’s crime was making a fool of nick politis,False,46
